{"mse": 0.9794368400995459, "rmse": 0.9896650140828188, "mae": 0.7646109373026371, "r2": 0.1573449863542301}