{"mse": 0.9576473936887681, "rmse": 0.9785946012975792, "mae": 0.7478247600317819, "r2": 0.1694720875544471}