{"mse": 0.8703632664859969, "rmse": 0.9329326162622877, "mae": 0.6964073407223647, "r2": 0.1512564187603913}